[{"productId":1,"productName":"Garden Cart","productCode":"GDN-0023","releaseDate":"March 18, 2016","description":"15 gallon capacity rolling garden cart","price":32.99,"starRating":5,"imageUrl":"http://openclipart.org/image/300px/svg_to_png/58471/garden_cart.png"},{"productId":2,"productName":"Hammer","productCode":"TBX-0048","releaseDate":"May 21, 2016","description":"Curved claw steel hammer","price":8.9,"starRating":4.8,"imageUrl":"http://openclipart.org/image/300px/svg_to_png/73/rejon_Hammer.png"},{"productId":3,"productName":"Saw","productCode":"TBX-0022","releaseDate":"May 15, 2016","description":"15-inch steel blade hand saw","price":11.55,"starRating":3.7,"imageUrl":"http://openclipart.org/image/300px/svg_to_png/27070/egore911_saw.png"},{"productId":4,"productName":"Video Game Controller","productCode":"GMG-0042","releaseDate":"October 15, 2015","description":"Standard two-button video game controller","price":35.95,"starRating":4.6,"imageUrl":"http://openclipart.org/image/300px/svg_to_png/120337/xbox-controller_01.png"},{"productId":5,"productName":"Dell XPS Laptop","productCode":"xps-1234","releaseDate":"November 15 2017","description":"new product from dell","price":"1299","starRating":"3","imageUrl":"http://i.dell.com/sites/imagecontent/products/PublishingImages/xps-15-9560-laptop/laptop-xps-15-pdp-polaris-02.jpg"},{"productId":6,"productName":"moto g3","productCode":"abc-112","description":"good product","releaseDate":"2/13/2019","price":13000,"starRating":4,"imageUrl":"https://n4.sdlcdn.com/imgs/f/n/r/Gionee-A1-64GB-Black-SDL352791824-1-ff379.jpeg"}]